-- DROP IN CORRECT ORDER (because of foreign keys)
DROP TABLE IF EXISTS notifications;
DROP TABLE IF EXISTS comments;
DROP TABLE IF EXISTS events;
DROP TABLE IF EXISTS person;
DROP TABLE IF EXISTS clubs;

-- ====== CREATE TABLES ======
CREATE TABLE `clubs` (
    `clubName` varchar(255) NOT NULL COMMENT 'Unique name of the club',
    `description` text NOT NULL COMMENT 'Description of the club activities and schedules, can contain HTML formatting',
    `memberCount` int NOT NULL COMMENT 'Current number of members in the club',
    `memberMax` int NOT NULL COMMENT 'Maximum allowed members in the club',
    `bannerImage` text DEFAULT NULL COMMENT 'URL of the banner image for the club',
    `bannerColor` varchar(7) DEFAULT '#38bdf8' COMMENT 'Hex color code for banner background when no image is provided',
    PRIMARY KEY (`clubName`)
) ENGINE = InnoDB DEFAULT CHARSET = utf8mb4 COLLATE = utf8mb4_0900_ai_ci;

CREATE TABLE `person` (
    `username` varchar(255) NOT NULL COMMENT 'Unique username for each person',
    `password` varchar(255) NOT NULL COMMENT 'Password hash for the user account (bcrypt)',
    `role` text NOT NULL COMMENT 'Role of the person in the club (CL, VP, CM, STU)',
    `club` varchar(255) DEFAULT NULL COMMENT 'The club the person is associated with; NULL if not a member of any club; STU + club means pending membership',
    `sessionId` varchar(255) DEFAULT NULL COMMENT 'Session identifier for logged-in users; NULL if not logged in',
    PRIMARY KEY (`username`),
    UNIQUE KEY `sessionId` (`sessionId`),
    KEY `club` (`club`),
    CONSTRAINT `person_ibfk_1` FOREIGN KEY (`club`) REFERENCES `clubs` (`clubName`) ON DELETE SET NULL ON UPDATE CASCADE
) ENGINE = InnoDB DEFAULT CHARSET = utf8mb4 COLLATE = utf8mb4_0900_ai_ci;

CREATE TABLE `events` (
    `eventid` int NOT NULL AUTO_INCREMENT COMMENT 'Unique identifier for each event',
    `title` text NOT NULL COMMENT 'The title of the event',
    `description` text COMMENT 'A detailed description of the event',
    `startDate` datetime DEFAULT NULL COMMENT 'The start date of the event',
    `endDate` datetime DEFAULT NULL COMMENT 'The end date of the event',
    `accepted` tinyint(1) DEFAULT '0' COMMENT 'Boolean value indicating whether the event is accepted (1) or pending (0)',
    `clubName` varchar(255) NOT NULL COMMENT 'The club organizing the event',
    PRIMARY KEY (`eventid`),
    KEY `clubName` (`clubName`),
    CONSTRAINT `events_ibfk_1` FOREIGN KEY (`clubName`) REFERENCES `clubs` (`clubName`) ON DELETE CASCADE ON UPDATE CASCADE
) ENGINE = InnoDB AUTO_INCREMENT = 22 DEFAULT CHARSET = utf8mb4 COLLATE = utf8mb4_0900_ai_ci;

CREATE TABLE `comments` (
    `commentid` int NOT NULL AUTO_INCREMENT COMMENT 'Unique identifier for each comment',
    `date` datetime DEFAULT NULL COMMENT 'Timestamp of when the comment was made',
    `comment` text NOT NULL COMMENT 'The content of the comment',
    `rating` int NOT NULL DEFAULT '0' COMMENT 'Rating associated with the comment, from 1 to 5; 0 if no rating is given',
    `username` varchar(255) NOT NULL COMMENT 'The username of the person who made the comment',
    `clubName` varchar(255) NOT NULL COMMENT 'The club the comment is associated with',
    PRIMARY KEY (`commentid`),
    KEY `username` (`username`),
    KEY `clubName` (`clubName`),
    CONSTRAINT `comments_ibfk_3` FOREIGN KEY (`username`) REFERENCES `person` (`username`) ON DELETE CASCADE ON UPDATE CASCADE,
    CONSTRAINT `comments_ibfk_4` FOREIGN KEY (`clubName`) REFERENCES `clubs` (`clubName`) ON DELETE CASCADE ON UPDATE CASCADE
) ENGINE = InnoDB AUTO_INCREMENT = 12 DEFAULT CHARSET = utf8mb4 COLLATE = utf8mb4_0900_ai_ci;

CREATE TABLE `notifications` (
    `notificationid` int NOT NULL AUTO_INCREMENT COMMENT 'Unique identifier for each notification',
    `username` varchar(255) COMMENT 'Recipient username',
    `senderUsername` varchar(255) DEFAULT NULL COMMENT 'Sender username if sent by a user',
    `clubName` varchar(255) DEFAULT NULL COMMENT 'Associated club if any',
    `type` varchar(50) NOT NULL DEFAULT 'info' COMMENT 'Category of notification',
    `message` text NOT NULL COMMENT 'Notification body',
    `link` text DEFAULT NULL COMMENT 'Optional link for the client to open',
    `isRead` tinyint(1) NOT NULL DEFAULT '0' COMMENT 'Whether the notification was read',
    `replyTo` int DEFAULT NULL COMMENT 'ID of the notification this is replying to',
    `createdAt` datetime NOT NULL DEFAULT CURRENT_TIMESTAMP COMMENT 'Creation timestamp',
    PRIMARY KEY (`notificationid`),
    KEY `username` (`username`),
    KEY `senderUsername` (`senderUsername`),
    KEY `clubName` (`clubName`),
    KEY `replyTo` (`replyTo`),
    CONSTRAINT `notifications_ibfk_1` FOREIGN KEY (`username`) REFERENCES `person` (`username`) ON DELETE CASCADE ON UPDATE CASCADE,
    CONSTRAINT `notifications_ibfk_2` FOREIGN KEY (`clubName`) REFERENCES `clubs` (`clubName`) ON DELETE SET NULL ON UPDATE CASCADE,
    CONSTRAINT `notifications_ibfk_3` FOREIGN KEY (`senderUsername`) REFERENCES `person` (`username`) ON DELETE SET NULL ON UPDATE CASCADE,
    CONSTRAINT `notifications_ibfk_4` FOREIGN KEY (`replyTo`) REFERENCES `notifications` (`notificationid`) ON DELETE CASCADE ON UPDATE CASCADE
) ENGINE = InnoDB DEFAULT CHARSET = utf8mb4 COLLATE = utf8mb4_0900_ai_ci;

-- ===== CLUBS =====
INSERT INTO clubs (`clubName`, `description`, `memberCount`, `memberMax`, `bannerImage`, `bannerColor`) VALUES
('Ski', '<p>The Ski Club meets every winter. Equipment rentals available.<br><b>Weekly schedule:</b><ul><li>Mon: dryland training 18:00-19:30</li><li>Fri: slope trips (depart 06:00)</li></ul><p style="color:blue">Après-ski socials every Saturday night.</p>', 18, 40, 'https://www.shutterstock.com/image-photo/snowboarder-skiing-downhill-panoramic-format-260nw-1203033724.jpg', NULL),
('Basketball', '<p>Open hoops and competitive teams. Practices: Tue/Thu 20:00-22:00 at Gym A.<br><small>Junior sessions on Sat 10:00-12:00</small></p>', 22, 50, 'https://images.unsplash.com/photo-1546519638-68e109498ffc?w=800', NULL),
('Robotics', '<p>We build robots and compete in regional challenges. Workshop: Wed 19:00-22:00 (Lab 3)</p>', 15, 40, 'https://img.freepik.com/free-photo/human-robot-interaction-digital-world_23-2151966708.jpg?semt=ais_hybrid&w=740&q=80', '#8b5cf6'),
('Book', '<p>Monthly book selections and two discussion groups. Next meeting: last Tuesday of month, 19:30.</p>', 12, 30, NULL, '#f59e0b'),
('Photography', '<p>Photo walks, editing workshops, and exhibitions. Gear share available on demand.</p>', 10, 25, 'https://images.unsplash.com/photo-1452587925148-ce544e77e70d?w=800', NULL),
('Cooking', '<p>Hands-on cooking sessions and themed dinners. Allergy-friendly options available. <br/>Every 2nd Sunday: community dinner.</p>', 14, 30, 'https://as2.ftcdn.net/jpg/01/57/28/31/1000_F_157283191_ALJy3vuwlPKVdDtPPCZsPpRk3BksFlwF.jpg', '#ef4444'),
('Music', '<p>Chamber groups and open jam nights. Rehearsals Wed 18:00-20:30.</p>', 16, 40, NULL, '#ec4899'),
('Chess', '<p>Casual play and weekly rated matches. Coaching for beginners.</p>', 9, 20, 'https://studycampus.in/wp-content/uploads/2018/12/banner-chess.jpg', '#6366f1'),
('Hiking', '<p>Day hikes and overnight treks. Safety briefing mandatory for multi-day trips.</p>', 13, 35, 'https://images.unsplash.com/photo-1551632811-561732d1e306?w=800', NULL),
('Gaming', '<p>Board games, tabletop RPGs and esports viewing parties. Newcomers welcome.</p>', 20, 60, 'https://cdn.wallpapersafari.com/71/44/yai5Xs.jpeg', '#8b5cf6'),
('Debate', '<p>British parliamentary and public speaking practice. Weekly scrimmages on Thu 18:30.</p>', 11, 30, NULL, '#0ea5e9'),
('Drama', '<p>Scene studies, improv, and semester productions. Rehearsals Mon/Wed 19:00.</p>', 14, 35, NULL, '#f43f5e'),
('Environmental', '<p>Campus sustainability projects, cleanups, and green tech talks.</p>', 10, 40, NULL, '#10b981'),
('Coding', '<p>Weekly coding dojos, hack nights, and interview prep. All levels welcome.</p>', 18, 50, 'https://encrypted-tbn0.gstatic.com/images?q=tbn:ANd9GcSovqFy3SR7gBfblIO0TW7c5B3IjOxB-74tryLt9D9b_uLfvMhAtWvVRJnoLRot3fsWnoY&usqp=CAU', '#3b82f6'),
('Dance', '<p>Contemporary, hip-hop, and salsa sessions. Open classes Tue/Fri evenings.</p>', 15, 40, 'https://images.unsplash.com/photo-1504609813442-a8924e83f76e?w=800', NULL),
('Agartha', '<p>Welcome to the underground. We discuss conspiracy theories, ancient civilizations, and the mysteries of the hollow earth while consuming copious amounts of Monster Ultra White. <b>Brain rot enthusiasts only.</b><br><small>Meetings: Tue/Thu 23:00-02:00 in the basement</small><br><i>"The truth is down there."</i></p>', 7, 15, 'https://i.ytimg.com/vi/3hVXt9NYiJA/maxresdefault.jpg', '#e0e0e0');

-- ===== PERSONS =====
INSERT INTO person (`username`, `password`, `role`, `club`) VALUES
('Francesco','$2a$10$SfoBY49Y..SbmuMc0J8YIe1TTnaMRly/b/OpyFh8VAAhvoai8y.qK','CL','Ski'),
('Samuele','$2a$10$SfoBY49Y..SbmuMc0J8YIe1TTnaMRly/b/OpyFh8VAAhvoai8y.qK','VP','Ski'),
('Ari','$2a$10$SfoBY49Y..SbmuMc0J8YIe1TTnaMRly/b/OpyFh8VAAhvoai8y.qK','CM','Ski'),
('Luca','$2a$10$SfoBY49Y..SbmuMc0J8YIe1TTnaMRly/b/OpyFh8VAAhvoai8y.qK','STU','Ski'),
('Marta','$2a$10$SfoBY49Y..SbmuMc0J8YIe1TTnaMRly/b/OpyFh8VAAhvoai8y.qK','CM','Ski'),
('Giorgie','$2a$10$SfoBY49Y..SbmuMc0J8YIe1TTnaMRly/b/OpyFh8VAAhvoai8y.qK','CM','Basketball'),
('Ayoub','$2a$10$SfoBY49Y..SbmuMc0J8YIe1TTnaMRly/b/OpyFh8VAAhvoai8y.qK','CL','Basketball'),
('Hana','$2a$10$SfoBY49Y..SbmuMc0J8YIe1TTnaMRly/b/OpyFh8VAAhvoai8y.qK','VP','Basketball'),
('Marco_b','$2a$10$SfoBY49Y..SbmuMc0J8YIe1TTnaMRly/b/OpyFh8VAAhvoai8y.qK','CM','Basketball'),
('Sophia','$2a$10$SfoBY49Y..SbmuMc0J8YIe1TTnaMRly/b/OpyFh8VAAhvoai8y.qK','STU',NULL),
('Noah','$2a$10$SfoBY49Y..SbmuMc0J8YIe1TTnaMRly/b/OpyFh8VAAhvoai8y.qK','CL','Robotics'),
('Isabella','$2a$10$SfoBY49Y..SbmuMc0J8YIe1TTnaMRly/b/OpyFh8VAAhvoai8y.qK','VP','Robotics'),
('Kai','$2a$10$SfoBY49Y..SbmuMc0J8YIe1TTnaMRly/b/OpyFh8VAAhvoai8y.qK','CM','Robotics'),
('Emma','$2a$10$SfoBY49Y..SbmuMc0J8YIe1TTnaMRly/b/OpyFh8VAAhvoai8y.qK','STU','Robotics'),
('Oliver','$2a$10$SfoBY49Y..SbmuMc0J8YIe1TTnaMRly/b/OpyFh8VAAhvoai8y.qK','STU',NULL),
('Clara','$2a$10$SfoBY49Y..SbmuMc0J8YIe1TTnaMRly/b/OpyFh8VAAhvoai8y.qK','CL','Book'),
('David','$2a$10$SfoBY49Y..SbmuMc0J8YIe1TTnaMRly/b/OpyFh8VAAhvoai8y.qK','VP','Book'),
('Sara','$2a$10$SfoBY49Y..SbmuMc0J8YIe1TTnaMRly/b/OpyFh8VAAhvoai8y.qK','CM','Book'),
('Paul','$2a$10$SfoBY49Y..SbmuMc0J8YIe1TTnaMRly/b/OpyFh8VAAhvoai8y.qK','STU',NULL),
('Nina','$2a$10$SfoBY49Y..SbmuMc0J8YIe1TTnaMRly/b/OpyFh8VAAhvoai8y.qK','CM','Book'),
('Mike','$2a$10$SfoBY49Y..SbmuMc0J8YIe1TTnaMRly/b/OpyFh8VAAhvoai8y.qK','CL','Photography'),
('Elena','$2a$10$SfoBY49Y..SbmuMc0J8YIe1TTnaMRly/b/OpyFh8VAAhvoai8y.qK','VP','Photography'),
('Tomas','$2a$10$SfoBY49Y..SbmuMc0J8YIe1TTnaMRly/b/OpyFh8VAAhvoai8y.qK','CM','Photography'),
('Zoe','$2a$10$SfoBY49Y..SbmuMc0J8YIe1TTnaMRly/b/OpyFh8VAAhvoai8y.qK','STU','Photography'),
('Ivan','$2a$10$SfoBY49Y..SbmuMc0J8YIe1TTnaMRly/b/OpyFh8VAAhvoai8y.qK','STU',NULL),
('Sofia','$2a$10$SfoBY49Y..SbmuMc0J8YIe1TTnaMRly/b/OpyFh8VAAhvoai8y.qK','CL','Cooking'),
('Raoul','$2a$10$SfoBY49Y..SbmuMc0J8YIe1TTnaMRly/b/OpyFh8VAAhvoai8y.qK','VP','Cooking'),
('Lena','$2a$10$SfoBY49Y..SbmuMc0J8YIe1TTnaMRly/b/OpyFh8VAAhvoai8y.qK','CM','Cooking'),
('Ben','$2a$10$SfoBY49Y..SbmuMc0J8YIe1TTnaMRly/b/OpyFh8VAAhvoai8y.qK','STU',NULL),
('Yasmin','$2a$10$SfoBY49Y..SbmuMc0J8YIe1TTnaMRly/b/OpyFh8VAAhvoai8y.qK','CM','Cooking'),
('Olga','$2a$10$SfoBY49Y..SbmuMc0J8YIe1TTnaMRly/b/OpyFh8VAAhvoai8y.qK','CL','Music'),
('Christian','$2a$10$SfoBY49Y..SbmuMc0J8YIe1TTnaMRly/b/OpyFh8VAAhvoai8y.qK','VP','Music'),
('Karen','$2a$10$SfoBY49Y..SbmuMc0J8YIe1TTnaMRly/b/OpyFh8VAAhvoai8y.qK','CM','Music'),
('Matt','$2a$10$SfoBY49Y..SbmuMc0J8YIe1TTnaMRly/b/OpyFh8VAAhvoai8y.qK','STU','Music'),
('Daria','$2a$10$SfoBY49Y..SbmuMc0J8YIe1TTnaMRly/b/OpyFh8VAAhvoai8y.qK','STU',NULL),
('Arthur','$2a$10$SfoBY49Y..SbmuMc0J8YIe1TTnaMRly/b/OpyFh8VAAhvoai8y.qK','CL','Chess'),
('Bea','$2a$10$SfoBY49Y..SbmuMc0J8YIe1TTnaMRly/b/OpyFh8VAAhvoai8y.qK','VP','Chess'),
('Zach','$2a$10$SfoBY49Y..SbmuMc0J8YIe1TTnaMRly/b/OpyFh8VAAhvoai8y.qK','CM','Chess'),
('Oliver_q','$2a$10$SfoBY49Y..SbmuMc0J8YIe1TTnaMRly/b/OpyFh8VAAhvoai8y.qK','STU',NULL),
('Paula','$2a$10$SfoBY49Y..SbmuMc0J8YIe1TTnaMRly/b/OpyFh8VAAhvoai8y.qK','CM','Chess'),
('Sylvia','$2a$10$SfoBY49Y..SbmuMc0J8YIe1TTnaMRly/b/OpyFh8VAAhvoai8y.qK','CL','Hiking'),
('Jorge','$2a$10$SfoBY49Y..SbmuMc0J8YIe1TTnaMRly/b/OpyFh8VAAhvoai8y.qK','VP','Hiking'),
('Mina','$2a$10$SfoBY49Y..SbmuMc0J8YIe1TTnaMRly/b/OpyFh8VAAhvoai8y.qK','CM','Hiking'),
('Kevin','$2a$10$SfoBY49Y..SbmuMc0J8YIe1TTnaMRly/b/OpyFh8VAAhvoai8y.qK','STU','Hiking'),
('Robin','$2a$10$SfoBY49Y..SbmuMc0J8YIe1TTnaMRly/b/OpyFh8VAAhvoai8y.qK','STU',NULL),
('Alex','$2a$10$SfoBY49Y..SbmuMc0J8YIe1TTnaMRly/b/OpyFh8VAAhvoai8y.qK','CL','Gaming'),
('Bella','$2a$10$SfoBY49Y..SbmuMc0J8YIe1TTnaMRly/b/OpyFh8VAAhvoai8y.qK','VP','Gaming'),
('Chris','$2a$10$SfoBY49Y..SbmuMc0J8YIe1TTnaMRly/b/OpyFh8VAAhvoai8y.qK','CM','Gaming'),
('Nora','$2a$10$SfoBY49Y..SbmuMc0J8YIe1TTnaMRly/b/OpyFh8VAAhvoai8y.qK','STU','Gaming'),
('Quentin','$2a$10$SfoBY49Y..SbmuMc0J8YIe1TTnaMRly/b/OpyFh8VAAhvoai8y.qK','STU',NULL),
('Mussolini','$2a$10$SfoBY49Y..SbmuMc0J8YIe1TTnaMRly/b/OpyFh8VAAhvoai8y.qK','STU',NULL),
('Giorgia','$2a$10$SfoBY49Y..SbmuMc0J8YIe1TTnaMRly/b/OpyFh8VAAhvoai8y.qK','STU',NULL),
('Sandra','$2a$10$SfoBY49Y..SbmuMc0J8YIe1TTnaMRly/b/OpyFh8VAAhvoai8y.qK','STU',NULL),
('Leo','$2a$10$SfoBY49Y..SbmuMc0J8YIe1TTnaMRly/b/OpyFh8VAAhvoai8y.qK','STU',NULL),
('Martin','$2a$10$SfoBY49Y..SbmuMc0J8YIe1TTnaMRly/b/OpyFh8VAAhvoai8y.qK','STU',NULL),
('Fernanda','$2a$10$SfoBY49Y..SbmuMc0J8YIe1TTnaMRly/b/OpyFh8VAAhvoai8y.qK','STU','Ski'),
('Igor','$2a$10$SfoBY49Y..SbmuMc0J8YIe1TTnaMRly/b/OpyFh8VAAhvoai8y.qK','CM','Ski'),
('Yvonne','$2a$10$SfoBY49Y..SbmuMc0J8YIe1TTnaMRly/b/OpyFh8VAAhvoai8y.qK','STU','Basketball'),
('Harry','$2a$10$SfoBY49Y..SbmuMc0J8YIe1TTnaMRly/b/OpyFh8VAAhvoai8y.qK','CM','Basketball'),
('Eva','$2a$10$SfoBY49Y..SbmuMc0J8YIe1TTnaMRly/b/OpyFh8VAAhvoai8y.qK','STU','Hiking'),
('Nicolas','$2a$10$SfoBY49Y..SbmuMc0J8YIe1TTnaMRly/b/OpyFh8VAAhvoai8y.qK','CL','Debate'),
('Priya','$2a$10$SfoBY49Y..SbmuMc0J8YIe1TTnaMRly/b/OpyFh8VAAhvoai8y.qK','VP','Debate'),
('Hector','$2a$10$SfoBY49Y..SbmuMc0J8YIe1TTnaMRly/b/OpyFh8VAAhvoai8y.qK','CM','Debate'),
('Julia','$2a$10$SfoBY49Y..SbmuMc0J8YIe1TTnaMRly/b/OpyFh8VAAhvoai8y.qK','STU','Debate'),
('Amelia','$2a$10$SfoBY49Y..SbmuMc0J8YIe1TTnaMRly/b/OpyFh8VAAhvoai8y.qK','CL','Drama'),
('Simon','$2a$10$SfoBY49Y..SbmuMc0J8YIe1TTnaMRly/b/OpyFh8VAAhvoai8y.qK','VP','Drama'),
('Carla','$2a$10$SfoBY49Y..SbmuMc0J8YIe1TTnaMRly/b/OpyFh8VAAhvoai8y.qK','CM','Drama'),
('Talia','$2a$10$SfoBY49Y..SbmuMc0J8YIe1TTnaMRly/b/OpyFh8VAAhvoai8y.qK','STU','Drama'),
('Greta','$2a$10$SfoBY49Y..SbmuMc0J8YIe1TTnaMRly/b/OpyFh8VAAhvoai8y.qK','CL','Environmental'),
('Kenji','$2a$10$SfoBY49Y..SbmuMc0J8YIe1TTnaMRly/b/OpyFh8VAAhvoai8y.qK','VP','Environmental'),
('Mo','$2a$10$SfoBY49Y..SbmuMc0J8YIe1TTnaMRly/b/OpyFh8VAAhvoai8y.qK','CM','Environmental'),
('Ivy','$2a$10$SfoBY49Y..SbmuMc0J8YIe1TTnaMRly/b/OpyFh8VAAhvoai8y.qK','STU','Environmental'),
('Ethan','$2a$10$SfoBY49Y..SbmuMc0J8YIe1TTnaMRly/b/OpyFh8VAAhvoai8y.qK','CL','Coding'),
('Rina','$2a$10$SfoBY49Y..SbmuMc0J8YIe1TTnaMRly/b/OpyFh8VAAhvoai8y.qK','VP','Coding'),
('Toby','$2a$10$SfoBY49Y..SbmuMc0J8YIe1TTnaMRly/b/OpyFh8VAAhvoai8y.qK','CM','Coding'),
('Wei','$2a$10$SfoBY49Y..SbmuMc0J8YIe1TTnaMRly/b/OpyFh8VAAhvoai8y.qK','STU','Coding'),
('Layla','$2a$10$SfoBY49Y..SbmuMc0J8YIe1TTnaMRly/b/OpyFh8VAAhvoai8y.qK','CL','Dance'),
('Diego','$2a$10$SfoBY49Y..SbmuMc0J8YIe1TTnaMRly/b/OpyFh8VAAhvoai8y.qK','VP','Dance'),
('Helena','$2a$10$SfoBY49Y..SbmuMc0J8YIe1TTnaMRly/b/OpyFh8VAAhvoai8y.qK','CM','Dance'),
('Milan','$2a$10$SfoBY49Y..SbmuMc0J8YIe1TTnaMRly/b/OpyFh8VAAhvoai8y.qK','STU','Dance'),
('TheEnlightenedOne','$2a$10$SfoBY49Y..SbmuMc0J8YIe1TTnaMRly/b/OpyFh8VAAhvoai8y.qK','CL','Agartha'),
('TunnelVision','$2a$10$SfoBY49Y..SbmuMc0J8YIe1TTnaMRly/b/OpyFh8VAAhvoai8y.qK','VP','Agartha'),
('BasementDweller','$2a$10$SfoBY49Y..SbmuMc0J8YIe1TTnaMRly/b/OpyFh8VAAhvoai8y.qK','CM','Agartha'),
('HollowEarthBeliever','$2a$10$SfoBY49Y..SbmuMc0J8YIe1TTnaMRly/b/OpyFh8VAAhvoai8y.qK','CM','Agartha'),
('MonsterAddict','$2a$10$SfoBY49Y..SbmuMc0J8YIe1TTnaMRly/b/OpyFh8VAAhvoai8y.qK','CM','Agartha'),
('UndergroundScholar','$2a$10$SfoBY49Y..SbmuMc0J8YIe1TTnaMRly/b/OpyFh8VAAhvoai8y.qK','CM','Agartha'),
('WhiteCan47','$2a$10$SfoBY49Y..SbmuMc0J8YIe1TTnaMRly/b/OpyFh8VAAhvoai8y.qK','CM','Agartha');

-- ==== EVENTS =====
INSERT INTO events (`startDate`, `endDate`, `title`, `description`, `accepted`, `clubName`) VALUES
('2026-01-10 06:00:00','2026-01-10 20:00:00','First Slope Trip 2026','Full-day slope trip to Alpine Valley. Buses depart 06:00; bring warm clothes.',1,'Ski'),
('2026-12-20 18:30:00','2026-12-20 23:59:00','Après-Ski Night','Hot chocolate, live acoustic set and games at lodge after the slopes. Open to families.',0,'Ski'),
('2025-02-15 08:00:00',NULL,'Weekend Training Camp','Two-day training camp focusing on technique and safety. Accommodation not included.',1,'Ski'),
('2026-02-28 07:00:00','2026-03-02 18:00:00','Spring Backcountry Trip','Guided backcountry tour - avalanche gear required. Limited spots.',1,'Ski'),
('2026-03-05 20:00:00','2026-03-05 22:00:00','Apere-ski Social','Informal meetup: drinks and stories after the slope. Bring your best ski jokes.',1,'Ski'),
('2026-11-01 20:00:00','2026-11-01 22:00:00','Interclub Friendly vs Eagles','Friendly match against the Eagles. All players welcome.',1,'Basketball'),
('2025-10-12 09:00:00','2025-10-12 17:00:00','Youth Clinic','Youth coaching clinic for ages 10-15. Volunteers needed.',1,'Basketball'),
('2026-06-15 18:00:00','2026-06-15 21:00:00','3v3 Summer Tournament','Register teams of three for a fun one-day tournament.',1,'Basketball'),
('2026-12-05 19:00:00',NULL,'Holiday Team Social','End of year gathering; potluck and awards.',0,'Basketball'),
('2026-02-20 20:00:00','2026-02-20 22:00:00','Mid-season Scrimmage','Open scrimmage for bench players to show form.',1,'Basketball'),
('2026-04-18 19:00:00','2026-04-18 22:00:00','Code Sprint: Autonomous Navigation','One-evening programming sprint for nav stack improvements.',1,'Robotics'),
('2025-11-10 09:00:00','2025-11-12 18:00:00','Regional Robotics Competition','Team travels to regional competition. Practice required weeks prior.',1,'Robotics'),
('2026-08-01 10:00:00',NULL,'Summer Workshop: Sensors','Hands-on session on sensor integration and calibration.',0,'Robotics'),
('2026-03-22 18:30:00','2026-03-22 21:30:00','PCB Night','Design and order round for competition PCBs; bring laptop.',1,'Robotics'),
('2026-05-10 17:00:00','2026-05-10 20:00:00','Open Lab','Open access to lab for personal projects and mentoring.',1,'Robotics'),
('2026-11-25 19:30:00',NULL,'November Discussion: "The Lighthouse"','Monthly discussion; bring notes and favourite quote.',1,'Book'),
('2026-01-30 19:30:00',NULL,'January Meetup & New Year Picks','Social meet and voting for next quarter books.',1,'Book'),
('2025-12-20 18:00:00','2025-12-20 20:00:00','Holiday Book Swap','Bring 3 gently used books to swap with others.',1,'Book'),
('2026-02-14 19:30:00',NULL,'Valentine Light Reading Night','Short reads and tea; recommended for couples and singles alike.',0,'Book'),
('2026-06-30 10:00:00','2026-06-30 13:00:00','Library Tour & History','Guided tour of the campus library special collections.',1,'Book'),
('2026-07-12 05:00:00','2026-07-12 10:00:00','Sunrise Photo Walk','Meet at the riverside at dawn to capture sunrise scenes.',1,'Photography'),
('2025-09-05 18:00:00','2025-09-05 21:00:00','Editing Workshop: Lightroom Basics','Bring laptop with Lightroom trial installed.',1,'Photography'),
('2026-10-01 16:00:00',NULL,'Exhibition Setup','Volunteer to help set up the club exhibition in Gallery 2.',0,'Photography'),
('2026-03-29 19:00:00','2026-03-29 21:00:00','Portrait Night','Model session and group critique.',1,'Photography'),
('2026-11-08 10:00:00','2026-11-08 14:00:00','Street Photography Walk','Focus on candid and architectural shots downtown.',1,'Photography'),
('2026-05-18 17:00:00','2026-05-18 20:00:00','Italian Night: Pasta Workshop','Learn fresh pasta techniques; small fee covers ingredients.',1,'Cooking'),
('2025-11-22 12:00:00','2025-11-22 15:00:00','Community Dinner','Cooking Club community dinner, open signups.',1,'Cooking'),
('2026-09-10 18:00:00','2026-09-10 21:00:00','Vegan Techniques','Plant-based cooking masterclass.',0,'Cooking'),
('2026-02-02 17:00:00','2026-02-02 19:00:00','Knife Skills Session','Safety-first knife skills and prep techniques.',1,'Cooking'),
('2026-12-24 18:00:00',NULL,'Christmas Eve Bake-off','Friendly bake-off and cookie exchange.',0,'Cooking'),
('2026-06-21 19:00:00','2026-06-21 21:30:00','Summer Concert','Public performance in the main hall; rehearsal 17:00.',1,'Music'),
('2025-12-12 18:00:00','2025-12-12 20:00:00','Holiday Jam','Informal jam session with mulled cider.',1,'Music'),
('2026-03-03 18:30:00',NULL,'Chamber Rehearsal: Haydn String Quartet','Sectionals and full run-through.',1,'Music'),
('2026-08-14 10:00:00','2026-08-14 12:00:00','Open Auditions','Auditions for next season ensembles. Sign up online.',0,'Music'),
('2026-11-30 20:00:00','2026-11-30 22:00:00','Community Singalong','Open to all; scorebooks provided.',1,'Music'),
('2026-04-05 18:00:00','2026-04-05 21:00:00','Rated Match Night','Weekly rated matches; bring clocks if you have.',1,'Chess'),
('2025-10-20 10:00:00','2025-10-20 16:00:00','Weekend Tournament','One-day Swiss tournament; prizes for top 3.',1,'Chess'),
('2026-09-01 19:00:00',NULL,'Beginner Coaching Series','Weekly lessons for new players.',0,'Chess'),
('2026-02-27 18:00:00','2026-02-27 20:00:00','Blitz Night','Fast-format games (5+0); snacks provided.',1,'Chess'),
('2026-07-19 09:00:00','2026-07-19 17:00:00','Interclub Championship','Our team vs neighboring universities.',1,'Chess'),
('2026-05-03 07:00:00','2026-05-03 18:00:00','Day Hike: River Gorge','Moderate 12 km loop; bring water and sturdy boots.',1,'Hiking'),
('2025-08-15 06:00:00','2025-08-17 18:00:00','Overnight Trek','Two-day trek with camping; limited to experienced hikers.',1,'Hiking'),
('2026-10-10 07:00:00',NULL,'Fall Colours Walk','Family-friendly walk to enjoy fall foliage.',0,'Hiking'),
('2026-03-08 08:00:00','2026-03-08 16:00:00','Map & Compass Basics','Outdoor navigation workshop and practice.',1,'Hiking'),
('2026-11-02 06:00:00','2026-11-02 20:00:00','Coastal Challenge','Long-distance coastal hike; bring layers.',1,'Hiking'),
('2026-04-26 18:00:00','2026-04-26 23:00:00','Board Game Night','Themed nights: eurogames and strategy. Bring a favourite.',1,'Gaming'),
('2025-11-29 19:00:00','2025-11-29 02:00:00','LAN Party','Overnight esports LAN - BYO equipment.',1,'Gaming'),
('2026-06-07 17:00:00',NULL,'RPG Marathon','One-shot and campaign sessions across tables.',1,'Gaming'),
('2026-12-12 18:00:00','2026-12-12 22:00:00','Holiday Swap & Sale','Buy/sell/trade board games and accessories.',0,'Gaming'),
('2026-08-30 20:00:00','2026-08-30 23:00:00','Retro Console Night','Bring classic consoles for casual play.',1,'Gaming'),
('2026-03-15 18:00:00','2026-03-15 21:00:00','Parliamentary Scrimmage','Friendly BP rounds with feedback.',1,'Debate'),
('2026-04-02 17:00:00','2026-04-02 19:00:00','Public Speaking Workshop','Voice, posture, and persuasive structure.',1,'Debate'),
('2026-05-10 19:30:00',NULL,'One-Act Showcase','Student-directed one-acts on main stage.',0,'Drama'),
('2026-06-18 18:00:00','2026-06-18 21:00:00','Improv Night','Yes-and drills and games; open to all.',1,'Drama'),
('2026-04-20 09:00:00','2026-04-20 12:00:00','Campus Cleanup','Gloves and bags provided; meet at quad.',1,'Environmental'),
('2026-05-05 17:30:00','2026-05-05 19:00:00','Sustainability Talk: Solar 101','Guest speaker on small-scale solar installs.',1,'Environmental'),
('2026-03-12 18:00:00','2026-03-12 21:00:00','Hack Night: Build a Todo API','Pair programming and pizza.',1,'Coding'),
('2026-04-08 18:00:00','2026-04-08 20:00:00','Interview Prep Sprint','Mock interviews + resume clinic.',1,'Coding'),
('2026-03-22 19:00:00','2026-03-22 21:00:00','Salsa Social','Beginner-friendly lesson then social dance.',1,'Dance'),
('2026-04-14 18:30:00','2026-04-14 20:30:00','Hip-Hop Choreo Workshop','Learn a full routine; all levels.',1,'Dance'),
('2026-02-13 23:00:00','2026-02-14 02:00:00','Midnight Theory Session: Reptilians Among Us','Deep dive into reptilian overlords theory. Bring your own Monster White. Discussion of David Icke required reading.',1,'Agartha'),
('2026-03-20 23:00:00','2026-03-21 01:30:00','Expedition Planning: Journey to Inner Earth','Planning our theoretical expedition to the hollow earth entrance in Antarctica. Maps and energy drinks provided.',0,'Agartha'),
('2026-04-05 23:00:00','2026-04-06 02:00:00','Movie Night: They Live (1988)','Cult classic viewing followed by discussion on hidden messages. BYOM (Bring Your Own Monster).',1,'Agartha'),
('2026-05-10 00:00:00','2026-05-10 03:00:00','All-Nighter: Ancient Astronaut Theories','Marathon session covering Sumerian texts and Anunnaki theories. Caffeine mandatory.',1,'Agartha'),
('2026-06-15 23:30:00','2026-06-16 01:00:00','Underground Radio Broadcast','Live-streaming our theories to the world. Guest speaker claims to have visited inner earth.',0,'Agartha'),
('2026-07-01 23:00:00','2026-07-02 02:30:00','Monster White Taste Test & Conspiracy Swap','Rate different batches of Monster White while sharing your wildest theories. Best theory wins free case.',1,'Agartha');

-- ==== COMMENTS =====
INSERT INTO comments (`date`, `comment`, `rating`, `username`, `clubName`) VALUES
('2026-01-11 09:23:00','Amazing slope trip! The buses were punctual and the guides helpful.',5,'Marta','Ski'),
('2026-03-06 22:10:00','Après-ski was a blast — the hot chocolate saved my toes!',4,'Ari','Ski'),
('2026-02-28 19:45:00','I loved the backcountry guidance but wish there had been an easier beginner route.',4,'Luca','Ski'),
('2025-02-16 17:00:00','Training camp was intense; met great people.',5,'Francesco','Ski'),
('2026-03-05 21:05:00','Samuele ate all my gocciole at the apres-ski table. I am NOT pleased.','1','Francesco','Ski'),
('2026-03-05 21:10:00','Who, me? I only had two. Francesco, you exaggerate — they were irresistible!',0,'Samuele','Ski'),
('2026-03-05 21:15:00','Can confirm: Samuele demolished a whole pack. Francesco was heartbroken but still came to sing.',3,'Ari','Ski'),
('2025-12-21 12:00:00','Friendly club and good equipment rentals. Looking forward to next season.',5,'Igor','Ski'),
('2026-06-16 12:30:00','3v3 tournament was well organized and lots of fun.',5,'Ayoub','Basketball'),
('2025-10-13 10:00:00','Youth clinic helped my little cousin a lot — great coaches.',5,'Giorgie','Basketball'),
('2026-11-02 08:40:00','Loved the energy at the friendly vs Eagles!',4,'Marco_b','Basketball'),
('2026-02-21 15:00:00','Mid-season scrimmage was good practice for the bench players.',4,'Hana','Basketball'),
('2026-12-06 09:00:00','Holiday social sounds fun but I hope it is not too expensive.',0,'Sophia','Basketball'),
('2026-06-16 12:45:00','Ayoub led an incredible comeback in the semis — proud of the team.',5,'Giorgie','Basketball'),
('2025-11-01 18:00:00','Courts were busy but staff managed bookings well.',3,'Harry','Basketball'),
('2026-03-02 10:00:00','Looking for more morning practice slots on weekends!',2,'Yvonne','Basketball'),
('2026-04-19 09:00:00','Code sprint helped debug our navigation state machine.',5,'Noah','Robotics'),
('2025-11-13 20:00:00','Competition weekend was tiring but unforgettable!',5,'Isabella','Robotics'),
('2026-03-23 08:00:00','PCB night was productive; ordered the first batch.',4,'Kai','Robotics'),
('2026-05-11 18:10:00','Open lab mentors were patient and explained things clearly.',5,'Emma','Robotics'),
('2026-08-02 13:00:00','Sensors workshop was postponed due to supply delays.',0,'Oliver','Robotics'),
('2025-12-01 11:00:00','Great community, willing to share parts and tools.',4,'Sandra','Robotics'),
('2026-01-10 10:00:00','Would like more beginner-friendly sessions.',3,'Paul','Robotics'),
('2026-04-18 22:30:00','We improved our autonomous lap time by 10% — great sprint.',5,'Noah','Robotics'),
('2026-11-25 22:30:00','Discussion on "The Lighthouse" had great insights from everyone.',5,'Clara','Book'),
('2026-01-31 20:00:00','January picks were diverse; excited for next month.',4,'David','Book'),
('2025-12-21 10:00:00','Book swap got me a rare copy I have wanted for years.',5,'Sara','Book'),
('2026-02-15 19:40:00','Valentine reading night was cozy and well-attended.',3,'Nina','Book'),
('2026-06-30 12:00:00','Library tour added depth to our appreciation of the selections.',4,'Mussolini','Book'),
('2026-03-01 09:00:00','Could we add a sci-fi month? I volunteer to moderate it.',0,'Paul','Book'),
('2025-11-18 18:30:00','Good community; felt welcomed as a first-timer.',4,'Sandra','Book'),
('2026-01-10 15:20:00','Meeting location is a bit cramped; maybe find a larger room.',2,'Sandra','Book'),
('2026-07-12 11:30:00','Sunrise walk delivered spectacular images.',5,'Mike','Photography'),
('2025-09-06 20:00:00','Editing workshop clarified many confusing features for me.',5,'Elena','Photography'),
('2026-10-02 09:00:00','Exhibition setup had fewer volunteers than expected.',2,'Tomas','Photography'),
('2026-03-30 20:45:00','Portrait night boosted my portfolio with three great shots.',5,'Zoe','Photography'),
('2026-11-09 16:00:00','Street walk had great composition challenges.',4,'Ivan','Photography'),
('2025-12-01 12:00:00','Loved the gear share idea, very helpful for beginners.',4,'Giorgia','Photography'),
('2026-07-12 06:45:00','Met a mentor who taught me manual exposure — huge help.',5,'Mike','Photography'),
('2026-10-02 09:30:00','Would appreciate more animal photography outings.',3,'Oliver','Photography'),
('2026-05-18 20:30:00','Pasta workshop was hands-on and delicious.',5,'Sofia','Cooking'),
('2025-11-23 16:00:00','Community dinner was heartwarming — lots of families attended.',5,'Raoul','Cooking'),
('2026-09-11 20:45:00','Vegan class could use more protein-based recipes.',3,'Lena','Cooking'),
('2026-02-02 19:10:00','Knife session improved my prep time significantly.',5,'Ben','Cooking'),
('2026-12-25 10:00:00','Bake-off sounds fun; I hope there are gluten-free categories.',0,'Yasmin','Cooking'),
('2025-11-22 13:00:00','Organizers were attentive to allergy requirements.',4,'Sandra','Cooking'),
('2026-05-19 09:00:00','Would love a sushi rolling class next season.',4,'Mussolini','Cooking'),
('2026-05-18 19:00:00','The sauce recipe was shared — absolute winner!',5,'Sofia','Cooking'),
('2026-06-22 22:00:00','Summer concert was polished and moving.',5,'Olga','Music'),
('2025-12-13 19:00:00','Holiday jam was informal and joyful; loved it.',4,'Christian','Music'),
('2026-03-04 20:00:00','Chamber rehearsal focused our dynamics effectively.',4,'Karen','Music'),
('2026-08-15 11:00:00','Open auditions were welcoming to new players.',0,'Matt','Music'),
('2026-11-30 21:45:00','Community singalong was a great way to end the month.',5,'Daria','Music'),
('2025-12-13 19:30:00','Great volunteer stage managers who organized the jam.',4,'Sandra','Music'),
('2026-06-22 21:50:00','I recommend arriving early for the best seats.',3,'Olga','Music'),
('2026-08-15 10:05:00','Audition feedback was constructive and kind.',4,'Matt','Music'),
('2026-04-06 09:20:00','Rated match night improved my ladder rating.',5,'Arthur','Chess'),
('2025-10-21 17:00:00','Tournament organization was smooth and fair.',5,'Bea','Chess'),
('2026-09-02 19:30:00','Beginner coaching was patient and helpful.',4,'Zach','Chess'),
('2026-02-28 20:05:00','Blitz night was hectic but a good challenge.',4,'Paula','Chess'),
('2026-07-20 11:00:00','Interclub championship felt competitive — proud of our players.',5,'Arthur','Chess'),
('2025-10-21 18:00:00','Prize distribution could be faster next year.',2,'Giorgia','Chess'),
('2026-04-06 20:30:00','I learned a new opening and won two games!',5,'Oliver_q','Chess'),
('2026-04-06 19:00:00','More beginner tables would be great.',3,'Oliver_q','Chess'),
('2026-05-04 19:00:00','River gorge hike had beautiful vistas and well-marked trails.',5,'Sylvia','Hiking'),
('2025-08-18 12:00:00','Overnight trek was challenging but the group was supportive.',5,'Jorge','Hiking'),
('2026-10-11 09:00:00','Fall colours walk had perfect weather.',4,'Mina','Hiking'),
('2026-03-09 17:00:00','Map & compass basics were more useful than I expected.',5,'Kevin','Hiking'),
('2026-11-03 21:00:00','Coastal challenge pushed me out of my comfort zone — in a good way.',5,'Robin','Hiking'),
('2025-08-18 13:30:00','Bring insect repellent for late summer treks.',0,'Mussolini','Hiking'),
('2026-05-04 18:00:00','Organizers provided excellent safety briefings.',4,'Sylvia','Hiking'),
('2026-03-09 12:00:00','Would appreciate shorter loop options for families.',3,'Kevin','Hiking'),
('2026-04-27 01:00:00','Board game night introduced me to several new favourites.',5,'Alex','Gaming'),
('2025-11-30 03:30:00','LAN party was intense but the network held up.',4,'Bella','Gaming'),
('2026-06-08 02:00:00','RPG marathon went 14 hours — best weekend ever!',5,'Chris','Gaming'),
('2026-12-13 12:00:00','Holiday swap is a nice way to refresh the collection.',0,'Nora','Gaming'),
('2026-08-31 00:30:00','Retro night brought back many memories.',4,'Quentin','Gaming'),
('2025-11-30 02:00:00','Bring an extra power strip next time.',2,'Giorgia','Gaming'),
('2026-04-27 02:00:00','I found a group to play my favourite eurogame with — excellent!',5,'Alex','Gaming'),
('2026-06-08 03:00:00','RPG tables were well-run, GMs were prepared.',5,'Bella','Gaming'),
('2026-03-16 20:00:00','Loved the feedback on my PM speech structure.',5,'Nicolas','Debate'),
('2026-04-03 12:00:00','Public speaking drills really reduced my filler words.',4,'Priya','Debate'),
('2026-05-11 09:30:00','Please add more cross-ex practice next time.',3,'Julia','Debate'),
('2026-05-12 21:00:00','Improv games loosened us up before scene work.',5,'Amelia','Drama'),
('2026-06-19 12:00:00','Improv night was hilarious; thanks for the tips!',4,'Simon','Drama'),
('2026-05-06 10:00:00','Solar 101 talk gave me actionable steps for my flat.',5,'Greta','Environmental'),
('2026-04-21 13:00:00','Cleanup was smooth; more water stations would help.',3,'Kenji','Environmental'),
('2026-03-13 21:30:00','Pair programming was fun; learned Express routing.',5,'Ethan','Coding'),
('2026-04-09 20:00:00','Interview sprint: great mock rounds and resume edits.',5,'Rina','Coding'),
('2026-03-23 22:00:00','Salsa social had a friendly vibe; music could be louder.',4,'Layla','Dance'),
('2026-04-15 21:30:00','Hip-hop choreo was challenging but rewarding.',5,'Diego','Dance'),
('2026-02-14 02:45:00','This club opened my eyes. Literally. I haven''t slept in 3 days. The reptilians are EVERYWHERE.',5,'TheEnlightenedOne','Agartha'),
('2026-02-14 03:00:00','Best midnight session yet. TheEnlightenedOne brought 24 cans of Monster White. We are WIRED.',5,'MonsterAddict','Agartha'),
('2026-02-28 10:00:00','Can''t tell if I''ve achieved peak consciousness or peak caffeine toxicity. Probably both.',5,'TheEnlightenedOne','Agartha'),
('2026-03-15 12:00:00','This club saved my sanity. Well, actually destroyed it. But in a fun way.',4,'HollowEarthBeliever','Agartha'),
('2026-03-21 02:15:00','Antarctica expedition planning got derailed when we spent 2 hours debating if penguins are government drones.',4,'TunnelVision','Agartha'),
('2026-04-06 02:30:00','They Live hits different at 1 AM with 4 Monsters in your system. I SEE THE TRUTH NOW.',5,'HollowEarthBeliever','Agartha'),
('2026-04-06 02:45:00','HollowEarthBeliever tried to put on sunglasses to see hidden messages and fell asleep wearing them.',3,'WhiteCan47','Agartha'),
('2026-04-20 15:30:00','My dentist asked why my teeth are vibrating. I told him about the frequency of truth. He didn''t get it.',0,'UndergroundScholar','Agartha'),
('2026-05-05 18:00:00','We should install a mini fridge in the basement. Warm Monster White is a crime against enlightenment.',3,'BasementDweller','Agartha'),
('2026-05-10 03:30:00','8-hour session. 12 Monsters consumed. I can taste colors. The Anunnaki made sense for 20 minutes.',5,'UndergroundScholar','Agartha'),
('2026-05-10 03:35:00','UndergroundScholar is speaking fluent Sumerian now. Or maybe gibberish. Hard to tell at this point.',4,'BasementDweller','Agartha'),
('2026-06-16 01:45:00','Guest speaker was WILD. Claims he rode a lava tube to inner earth. Still not sure if serious or performance art.',3,'TheEnlightenedOne','Agartha'),
('2026-06-16 01:50:00','Our broadcast reached 47 viewers before we got flagged for "concerning content." SUCCESS!',5,'TunnelVision','Agartha'),
('2026-07-02 03:00:00','Monster White batch #7 is ELITE. Also I think the moon landing was filmed in a basement. Not sure how we got here.',5,'MonsterAddict','Agartha'),
('2026-07-02 03:15:00','Won the theory competition with "Birds Aren''t Real 2.0: Fish Edition." Prize case of Monster is MINE.',5,'WhiteCan47','Agartha');

-- ==== NOTIFICATIONS =====
INSERT INTO notifications (`username`, `senderUsername`, `clubName`, `type`, `message`, `link`, `isRead`, `createdAt`, `replyTo`) VALUES
('Marta', NULL, 'Ski', 'membership', 'You have been promoted to VP in Ski', '/ClubPage/Ski', 1, '2025-11-15 09:00:00', NULL),
('Igor', NULL, 'Ski', 'membership', 'You have been accepted into Ski', '/ClubPage/Ski', 1, '2025-11-20 10:30:00', NULL),
('Ari', NULL, 'Ski', 'membership', 'You have been accepted into Ski', '/ClubPage/Ski', 1, '2025-10-05 14:20:00', NULL),
('Luca', NULL, 'Ski', 'membership', 'Your request to join Ski is pending. Check back soon.', '/ClubPage/Ski', 0, '2025-12-01 16:45:00', NULL),
('Fernanda', NULL, 'Ski', 'membership', 'Your request to join Ski is pending. Check back soon.', '/ClubPage/Ski', 0, '2025-12-05 11:15:00', NULL),
(NULL, 'Francesco', 'Ski', 'email', 'URGENT: We need to discuss the gocciole situation from last apres-ski. A formal investigation is required. This is NOT a joke.', '/ClubPage/Ski', 1, '2025-11-22 08:30:00', NULL),
('Francesco', 'Samuele', 'Ski', 'email', 'Listen, the gocciole were just sitting there. Unattended. What was I supposed to do? Let them go to waste? I am a hero, not a villain.', NULL, 1, '2025-11-22 09:15:00', NULL),
('Samuele', 'Francesco', 'Ski', 'email', 'Hero?! HERO?! You ate MY ENTIRE PACK while I was helping with the hot chocolate station. There were witnesses, Samuele. WITNESSES.', NULL, 1, '2025-11-22 09:45:00', 7),
('Francesco', 'Ari', 'Ski', 'email', 'I saw everything. Samuele was like a gocciole-eating machine. It was both impressive and terrifying. I have photos.', NULL, 0, '2025-11-22 10:00:00', NULL),
(NULL, 'Francesco', 'Ski', 'event', 'Spring Backcountry Trip registration closes TOMORROW. Don''t forget avalanche gear. PS: Gocciole thieves not welcome.', '/ClubPage/Ski', 1, '2025-11-25 07:30:00', NULL),
(NULL, 'Marta', 'Ski', 'email', 'Reminder: Equipment rental forms due by Friday. Also, can we PLEASE move past the gocciole drama? It has been 3 days.', '/ClubPage/Ski', 1, '2025-11-25 18:00:00', NULL),
(NULL, 'Francesco', 'Ski', 'event', 'Après-Ski Night this Saturday! Music, hot chocolate, and games. Samuele is banned from the snack table. Non-negotiable.', '/ClubPage/Ski', 1, '2025-11-27 10:00:00', NULL),
('Francesco', 'Samuele', 'Ski', 'email', 'This is discrimination! I have rights! I will bring my OWN gocciole and guard them with my LIFE.', NULL, 1, '2025-11-27 10:30:00', 7),
('Francesco', 'Igor', 'Ski', 'email', 'Hey Francesco, what wax do you recommend for icy conditions? Also, what is this gocciole thing everyone keeps talking about?', NULL, 0, '2025-11-28 14:20:00', NULL),
('Igor', 'Francesco', 'Ski', 'email', 'Use blue wax for ice. As for the gocciole... it is a dark chapter in our club history. Ask Samuele, but prepare for lies.', NULL, 0, '2025-11-28 15:00:00', 14),
(NULL, 'Ari', 'Ski', 'email', 'Found a video of Samuele eating the gocciole. Thinking of making a documentary. Working title: "The Great Gocciole Heist of 2025"', '/ClubPage/Ski', 1, '2025-11-29 11:00:00', NULL),
(NULL, 'Francesco', 'Ski', 'membership', 'Monday dryland training starts at 18:00 SHARP. Latecomers do extra squats. Looking at you, Samuele.', '/ClubPage/Ski', 1, '2025-12-01 16:00:00', NULL),
(NULL, 'Marta', 'Ski', 'membership', 'As your new VP, I promise to bring order to this chaos. First order of business: mandatory gocciole-sharing training.', '/ClubPage/Ski', 1, '2025-12-03 09:00:00', NULL),
('Marta', 'Francesco', 'Ski', 'email', 'Should we accept Fernanda? She seems nice, but I need to know: can she protect her snacks from Samuele?', NULL, 1, '2025-12-04 10:30:00', NULL),
('Francesco', 'Marta', 'Ski', 'email', 'I don''t know, Samuele is a tough one.', NULL, 1, '2025-12-04 11:30:00', 19),
('Francesco', 'Samuele', 'Ski', 'email', 'Fine. FINE. I am sorry about the gocciole. There. I said it. Can we please move on? I bought you THREE new packs.', NULL, 1, '2025-12-05 14:00:00', 7),
('Samuele', 'Francesco', 'Ski', 'email', 'Apology accepted. The three packs are a good start. Four would be better. But we can move forward. Maybe.', NULL, 1, '2025-12-05 14:30:00', 7),
(NULL, 'Francesco', 'Ski', 'email', 'OFFICIAL ANNOUNCEMENT: The Great Gocciole War has ended. Samuele and I have made peace. Thank you all for your patience during this difficult time.', '/ClubPage/Ski', 1, '2025-12-06 08:00:00', NULL),
(NULL, 'Ari', 'Ski', 'email', 'PEACE AT LAST! This calls for a celebration. Bringing gocciole to next meeting. Everyone gets ONE. Yes Samuele, just ONE.', '/ClubPage/Ski', 1, '2025-12-06 09:00:00', NULL),
(NULL, 'Francesco', 'Ski', 'event', 'First Slope Trip 2026 details: Buses depart 06:00 sharp. Bring warm clothes and your OWN snacks. Especially your own snacks.', '/ClubPage/Ski', 1, '2025-12-08 10:00:00', NULL),
('Ayoub', NULL, 'Basketball', 'membership', 'You have been accepted into Basketball', '/ClubPage/Basketball', 1, '2025-10-15 11:00:00', NULL),
(NULL, 'Ayoub', 'Basketball', 'event', '3v3 tournament practice this Thursday. Mandatory for all teams. Let me know if you cannot make it.', '/ClubPage/Basketball', 1, '2025-12-07 15:00:00', NULL),
(NULL, 'Raoul', 'Cooking', 'email', 'Pasta workshop ingredient list is ready. Check the club page for details!', '/ClubPage/Cooking', 0, '2025-12-09 09:30:00', NULL),
('Bella', NULL, 'Gaming', 'event', 'LAN party schedule has changed to Saturday night. See club page for updated details.', '/ClubPage/Gaming', 0, '2025-11-27 12:00:00', NULL),
('Alex', 'Bella', 'Gaming', 'email', 'Bring extra ethernet cables to LAN party. Last time we ran out and it was chaos!', NULL, 1, '2025-12-10 14:00:00', NULL),
('Nicolas', NULL, 'Debate', 'membership', 'You have been accepted into Debate', '/ClubPage/Debate', 1, '2025-10-20 13:00:00', NULL),
(NULL, 'Nicolas', 'Debate', 'event', 'Parliamentary Scrimmage moved to Thursday 19:00. Updated motion prep sheet attached to club page.', '/ClubPage/Debate', 0, '2025-12-09 10:00:00', NULL),
(NULL, 'Kenji', 'Environmental', 'event', 'Campus Cleanup tomorrow at 09:00. Meet at the quad. Gloves and bags provided!', '/ClubPage/Environmental', 0, '2025-12-10 18:00:00', NULL),
(NULL, 'Rina', 'Coding', 'email', 'Hack Night topic is finalized: Building REST APIs. Bring your laptop with Node installed!', '/ClubPage/Coding', 0, '2025-12-08 12:00:00', NULL),
(NULL, 'Diego', 'Dance', 'event', 'Salsa Social this Friday! Bring a guest, free entry. Beginners welcome!', '/ClubPage/Dance', 0, '2025-12-10 08:00:00', NULL),
('Clara', NULL, 'Book', 'event', 'New book picks are live for next meetup. Check them out on the club page!', '/ClubPage/Book', 0, '2025-11-20 09:00:00', NULL),
('Igor', 'Samuele', 'Ski', 'email', 'Welcome to Ski Club! Just a heads up: guard your snacks. Trust me on this. It is for your own safety.', NULL, 0, '2025-12-11 16:00:00', NULL),
('Samuele', 'Igor', 'Ski', 'email', 'Thanks! Wait, why do I need to guard my snacks? Is there a wild animal problem at the lodge?', NULL, 0, '2025-12-11 16:30:00', 36),
('Igor', 'Ari', 'Ski', 'email', 'Should I tell the new guy about the gocciole incident or let him discover it naturally?', NULL, 0, '2025-12-11 17:00:00', NULL);

-- ===== Update clubs.memberCount to match actual inserted people (counts based on above inserts) =====
UPDATE clubs SET memberCount = (
  SELECT COUNT(*) FROM person WHERE person.club = clubs.clubName AND person.role IN ('CL','VP','CM')
);
